,mse,r2,accuracy,precision_micro,recall_micro,f1_micro,f1_macro,training_time,prediction_time
0,0.15883444033545185,-0.0017194270810957026,0.7561603813477876,0.5578013310327828,0.33220786846741046,0.4164136535099825,0.1329837223748169,0.028013229370117188,0.0009868144989013672
