,mse,r2,accuracy,precision_micro,recall_micro,f1_micro,f1_macro,training_time,prediction_time
0,0.15859711343607114,-0.0005054530448491861,0.7557375158574559,0.5572213893053474,0.32736347621843803,0.4124283336415757,0.10985065335118212,0.3947255611419678,0.0019998550415039062
