Metric,Gini,Entropy
Accuracy,0.368,0.38
Precision,0.36681523291653817,0.38087414386611085
Recall,0.368,0.38
F1 Score,0.367251712705704,0.3804286381099753
CV Mean,0.35279999999999995,0.36279999999999996
