,accuracy,precision_micro,recall_micro,f1_micro,f1_macro
1,0.7561603813477876,0.5578013310327828,0.33220786846741046,0.4164136535099825,0.1329837223748169
2,0.7551224387806097,0.5542198233562315,0.33162066940692897,0.41495224099926525,0.13950317050034783
3,0.7479721677622727,0.5318725099601593,0.31356429829712273,0.39453269301810123,0.15069982144924438
4,0.7365932418406181,0.49561595791319596,0.3319142689371697,0.39757341304730087,0.18455616641331898
