,accuracy,precision_micro,recall_micro,f1_micro,f1_macro
3,0.7548149002421866,0.5545774647887324,0.32369348209042864,0.40878754171301446,0.13436581220642888
5,0.750586245338869,0.5407035175879397,0.31591309453904876,0.3988139362490734,0.14556141303434908
7,0.7432437627340176,0.5155192532088682,0.32428068115091013,0.39812561953681175,0.17004158677729506
10,0.7361319340329835,0.4944110060189166,0.3376394597768644,0.40125610607117934,0.19745780556702017
