,mse,r2,accuracy,precision_micro,recall_micro,f1_micro,f1_macro,training_time,prediction_time
0,0.1588338660764728,-0.0017163266112329477,0.7561219390304847,0.5577492596248766,0.3317674691720493,0.41605301914580267,0.1327792140893474,0.3427608013153076,0.003000020980834961
